Workbook

Sheet Scored Results
A1: ID | B1: Verse ID | C1: Type | D1: Category | E1: Original (baseline) | F1: Injected error | G1: Expected verdict | H1: Skill's actual result | I1: Scored
A2: 1 | B2: 1-1 | C2: injected | D2: kaya_dharma_mind | E2: the dharmakāya they possess | F2: the dharma they embody | G2: ERROR | H2: ERROR row logged | I2: TP - caught
A3: 2 | B3: 1-1 | C3: injected | D3: precise_term_softened | E3: the practice of the Bodhisattva discipline | F3: the practice of the Bodhisattva way of life | G3: ERROR | H3: ERROR row logged | I3: TP - caught
A4: 3 | B4: 1-6 | C4: injected | D4: precise_term_softened | E4: Virtue, thus, is weak | F4: Kindness, thus, is weak | G4: ERROR | H4: ERROR row logged | I4: TP - caught
A5: 4 | B5: 1-20 | C5: injected | D5: precise_term_softened | E5: for those inclined to lesser paths | F5: for those inclined to simpler paths | G5: ERROR | H5: ERROR row logged | I5: TP - caught
A6: 5 | B6: 1-20 | C6: injected | D6: named_entity | E6: the sūtra Subāhu requested | F6: the sūtra Sāriputra requested | G6: ERROR | H6: ERROR row logged | I6: TP - caught
A7: 6 | B7: 1-25 | C7: injected | D7: kaya_dharma_mind | E7: this noble, jewellike state of mind | F7: this noble, jewellike form of buddha-body | G7: ERROR | H7: ERROR row logged | I7: TP - caught
A8: 7 | B8: 1-14 | C8: injected | D8: named_entity | E8: explained to Sudhana | F8: explained to Maitreya | G8: ERROR | H8: ERROR row logged | I8: TP - caught
A9: 8 | B9: 1-23 | C9: injected | D9: named_entity | E9: even Brahmā | F9: even Indra | G9: ERROR | H9: ERROR row logged | I9: TP - caught
A10: 9 | B10: 1-9 | C10: injected | D10: number_scope | E10: in that instant | F10: within moments | G10: ERROR | H10: Not flagged | I10: FN - MISSED
A11: 10 | B11: 1-22 | C11: injected | D11: number_scope | E11: each and every living being | F11: a few living beings | G11: ERROR | H11: ERROR row logged | I11: TP - caught
A12: 11 | B12: 1-33 | C12: injected | D12: number_scope | E12: countless multitudes | F12: a handful of followers | G12: ERROR | H12: ERROR row logged | I12: TP - caught
A13: 12 | B13: 1-11 | C13: injected | D13: number_scope | E13: the only guide of beings | F13: the many guides of beings | G13: ERROR | H13: Not flagged | I13: FN - MISSED
... A21: 20 | B21: 1-21 | C21: injected | D21: wrong_referent_other | E21: the aching heads of other beings | F21: the aching hearts of other beings | G21: ERROR | H21: ERROR row logged | I21: TP - caught
A22: 21 | B22: 1-2 | C22: control | D22: negative_control_unmodified | E22: (unmodified) | G22: CLEAN | H22: Not flagged (correctly clean) | I22: TN - correct
A23: 22 | B23: 1-4 | C23: control | D23: negative_control_unmodified | E23: (unmodified) | G23: CLEAN | H23: Not flagged (correctly clean) | I23: TN - correct
A24: 23 | B24: 1-17 | C24: control | D24: negative_control_unmodified | E24: (unmodified) | G24: CLEAN | H24: Not flagged (correctly clean) | I24: TN - correct
A25: 24 | B25: 1-27 | C25: control | D25: negative_control_unmodified | E25: (unmodified) | G25: CLEAN | H25: Not flagged (correctly clean) | I25: TN - correct
A26: 25 | B26: 1-35 | C26: control | D26: negative_control_unmodified | E26: (unmodified) | G26: CLEAN | H26: Not flagged (correctly clean) | I26: TN - correct

Sheet Metrics
A1: commentary-fact-check — Detection Benchmark (Padmakara Ch.1 x BCAC19_KS_bo)
A3: Overall
A4: Total injected errors | B4: =COUNTIFS('Scored Results'!C2:C26,"injected") -> 20
A5: Detected (True Positives) | B5: =COUNTIF('Scored Results'!I2:I26,"TP - caught") -> 15
A6: Missed (False Negatives) | B6: =COUNTIF('Scored Results'!I2:I26,"FN - MISSED") -> 5
A7: Negative controls (unmodified verses) | B7: =COUNTIF('Scored Results'!C2:C26,"control") -> 5
A8: Controls correctly left clean (True Negatives) | B8: =COUNTIF('Scored Results'!I2:I26,"TN - correct") -> 5
A9: Recall (TP / total injected) | B9: =B5/B4 -> 0.75
A10: Precision (of the 16 ERROR rows the skill wrote, matching an injected error) | B10: 0.9375
A11: False-positive rate on untouched verses (5 formal controls + 13 incidentally-unmodified verses) | B11: 0 | C11: 0 of 18 untouched verses in ch.1 received a hard ERROR flag.
A13: Recall by error category
A14: Category | B14: Caught / Total | C14: Recall
A15: kāya / dharma / mind swaps | B15: =COUNTIFS('Scored Results'!D2:D26,"kaya_dharma_mind",'Scored Results'!I2:I26,"TP - caught") & "/" & COUNTIFS('Scored Results'!D2:D26,"kaya_dharma_mind",'Scored Results'!C2:C26,"injected") -> 2/2 | C15: =IFERROR(COUNTIFS('Scored Results'!D2:D26,"kaya_dharma_mind",'Scored Results'!I2:I26,"TP - caught")/COUNTIFS('Scored Results'!D2:D26,"kaya_dharma_mind",'Scored Results'!C2:C26,"injected"),0) -> 1
A16: precise term softened to vague synonym | B16: =COUNTIFS('Scored Results'!D2:D26,"precise_term_softened",'Scored Results'!I2:I26,"TP - caught") & "/" & COUNTIFS('Scored Results'!D2:D26,"precise_term_softened",'Scored Results'!C2:C26,"injected") -> 3/3 | C16: =IFERROR(COUNTIFS('Scored Results'!D2:D26,"precise_term_softened",'Scored Results'!I2:I26,"TP - caught")/COUNTIFS('Scored Results'!D2:D26,"precise_term_softened",'Scored Results'!C2:C26,"injected"),0) -> 1
A17: wrong named entity | B17: =COUNTIFS('Scored Results'!D2:D26,"named_entity",'Scored Results'!I2:I26,"TP - caught") & "/" & COUNTIFS('Scored Results'!D2:D26,"named_entity",'Scored Results'!C2:C26,"injected") -> 3/3 | C17: =IFERROR(COUNTIFS('Scored Results'!D2:D26,"named_entity",'Scored Results'!I2:I26,"TP - caught")/COUNTIFS('Scored Results'!D2:D26,"named_entity",'Scored Results'!C2:C26,"injected"),0) -> 1
A18: wrong number / scope | B18: =COUNTIFS('Scored Results'!D2:D26,"number_scope",'Scored Results'!I2:I26,"TP - caught") & "/" & COUNTIFS('Scored Results'!D2:D26,"number_scope",'Scored Results'!C2:C26,"injected") -> 3/5 | C18: =IFERROR(COUNTIFS('Scored Results'!D2:D26,"number_scope",'Scored Results'!I2:I26,"TP - caught")/COUNTIFS('Scored Results'!D2:D26,"number_scope",'Scored Results'!C2:C26,"injected"),0) -> 0.6
A19: wrong simile tenor | B19: =COUNTIFS('Scored Results'!D2:D26,"simile_tenor",'Scored Results'!I2:I26,"TP - caught") & "/" & COUNTIFS('Scored Results'!D2:D26,"simile_tenor",'Scored Results'!C2:C26,"injected") -> 3/3 | C19: =IFERROR(COUNTIFS('Scored Results'!D2:D26,"simile_tenor",'Scored Results'!I2:I26,"TP - caught")/COUNTIFS('Scored Results'!D2:D26,"simile_tenor",'Scored Results'!C2:C26,"injected"),0) -> 1
A20: wrong grammatical agent / role | B20: =COUNTIFS('Scored Results'!D2:D26,"agent_role",'Scored Results'!I2:I26,"TP - caught") & "/" & COUNTIFS('Scored Results'!D2:D26,"agent_role",'Scored Results'!C2:C26,"injected") -> 0/2 | C20: =IFERROR(COUNTIFS('Scored Results'!D2:D26,"agent_role",'Scored Results'!I2:I26,"TP - caught")/COUNTIFS('Scored Results'!D2:D26,"agent_role",'Scored Results'!C2:C26,"injected"),0) -> 0
A21: wrong enumeration order | B21: =COUNTIFS('Scored Results'!D2:D26,"enumeration_order",'Scored Results'!I2:I26,"TP - caught") & "/" & COUNTIFS('Scored Results'!D2:D26,"enumeration_order",'Scored Results'!C2:C26,"injected") -> 0/1 | C21: =IFERROR(COUNTIFS('Scored Results'!D2:D26,"enumeration_order",'Scored Results'!I2:I26,"TP - caught")/COUNTIFS('Scored Results'!D2:D26,"enumeration_order",'Scored Results'!C2:C26,"injected"),0) -> 0
A22: other wrong referent (body part) | B22: =COUNTIFS('Scored Results'!D2:D26,"wrong_referent_other",'Scored Results'!I2:I26,"TP - caught") & "/" & COUNTIFS('Scored Results'!D2:D26,"wrong_referent_other",'Scored Results'!C2:C26,"injected") -> 1/1 | C22: =IFERROR(COUNTIFS('Scored Results'!D2:D26,"wrong_referent_other",'Scored Results'!I2:I26,"TP - caught")/COUNTIFS('Scored Results'!D2:D26,"wrong_referent_other",'Scored Results'!C2:C26,"injected"),0) -> 1
